title,date,time,author,number
Api added,10/03/2020,15:17:57,RitikMody,#29
Agario game,10/03/2020,14:12:36,N1ghtF1re,#28
Hash map in C,10/03/2020,14:07:01,N1ghtF1re,#27
BST in C,10/03/2020,13:57:05,N1ghtF1re,#26
Linked list in C,10/03/2020,13:48:09,N1ghtF1re,#25
Implemented stack using array in C,10/03/2020,13:27:14,Dhruv-Sachdev1313,#23
puppyCarousel,10/03/2020,13:23:59,mcs-codes,#22
Create colour_rotating_square.html,10/02/2020,19:49:53,nxious,#5
Create armstrong_no.cpp,10/02/2020,18:31:16,Shrishti25,#3
Create Reverse_a_linked_list.cpp,10/02/2020,18:26:39,saurabhpal007,#2
